{
    "loss": [
        4.022550106048584,
        1.3762352466583252,
        0.7944551110267639,
        0.310920387506485,
        0.20754875242710114,
        0.08805582672357559,
        0.18674896657466888
    ],
    "accuracy": [
        0.3987341821193695,
        0.7341772317886353,
        0.8101266026496887,
        0.9303797483444214,
        0.949367105960846,
        0.9556962251663208,
        0.9746835231781006
    ],
    "val_loss": [
        2.255768299102783,
        2.221092700958252,
        2.3035311698913574,
        2.423421859741211,
        2.581879138946533,
        2.9709887504577637,
        3.4809203147888184
    ],
    "val_accuracy": [
        0.2750000059604645,
        0.3499999940395355,
        0.30000001192092896,
        0.30000001192092896,
        0.375,
        0.25,
        0.25
    ]
}