{
    "loss": [
        0.7788315415382385,
        0.0,
        0.0,
        0.0,
        0.0,
        0.0,
        0.0
    ],
    "accuracy": [
        0.8181818127632141,
        1.0,
        1.0,
        1.0,
        1.0,
        1.0,
        1.0
    ],
    "val_loss": [
        0.519992470741272,
        0.4731411039829254,
        0.48089003562927246,
        0.5405644178390503,
        0.6440997123718262,
        0.7596451640129089,
        0.8107568621635437
    ],
    "val_accuracy": [
        1.0,
        0.8999999761581421,
        0.5,
        0.5,
        0.5,
        0.5,
        0.5
    ]
}