{
    "running": false,
    "progress": 100,
    "epoch": 30,
    "total_epochs": 30,
    "accuracy": 0.8999999761581421,
    "loss": 0.4731411039829254,
    "val_accuracy": 0.5,
    "val_loss": 0.8107568621635437,
    "message": "Training Completed"
}